text,sentiment,clean_text,predicted_sentiment,confidence
My #video for A.R.#Rahman's #songs crossed 300 views limit on #youtube ,1,video arrahmans songs crossed views limit youtube,1,0.7446450293382166
yeah well school tmrw i will be pretty sad. anyways youtube marathon over for right now. no FOB/ATL/CS/ or MS  FML badnight,0,yeah well school tmrw pretty sad anyways youtube marathon right fobatlcs ms fml badnight,0,0.8116135999806973
@skirrid that YouTube video is not embeddable  Needs an explanation...,0,youtube video embeddable needs explanation,1,0.5516091204103916
Google Wave looks really interesting ,1,google wave looks really interesting,1,0.8165618013858867
FOLLOW ME  George Tiller pro-life mtv movie awards google wave #twtrcon new moon susan boyle french open #moviemisquotes danny,1,follow george tiller prolife mtv movie awards google wave twtrcon new moon susan boyle french open moviemisquotes danny,1,0.8894550793042078
@LUVYATEAMEDWARD Is there a site you can watch it besides Youtube? Im behind a firewall at work. ,0,site watch besides youtube im behind firewall work,0,0.6220698395889349
@tipadaknife I've tried polish-&gt;english google translation and it's not very good ,0,ive tried polishgtenglish google translation good,1,0.5029514410685528
Rochak is saying hello to Bing.com. Lets see if it can hold a candle to Google.com ,1,rochak saying hello bingcom lets see hold candle googlecom,1,0.8659149127376842
"[1 retweets] Plays OK in Google Chrome, Not IE  â 'MUSIC â Freedom Movement: &quot;A Righteous Man&quot;' http://bit.ly/.. http://tinyurl.com/oh7pjw",0,retweets plays ok google chrome ie â music â freedom movement quota righteous manquot,1,0.701617989161009
@arturs ItÄ?lija - Roma Google Earth redzama arÄ« 3D ,1,itälija roma google earth redzama arä«,1,0.7365741991901795
cs so I can't even google it  youu?,0,cs cant even google youu,0,0.79995748812764
hello...just finish uploading video on youtube...btw youtube permanently disabled my old account... ,0,hellojust finish uploading video youtubebtw youtube permanently disabled old account,0,0.6438355561970297
"@MollieOfficial I'm watchin some videos from the tour on youtube, looks brilliant!   i want to go but use aren't coming to Ireland.",0,im watchin videos tour youtube looks brilliant want go use arent coming ireland,0,0.7194821960869555
"@codeshaman: what is this Personal Effects, Dark Art thing you're talking about? Google just provides links to your blog/twitter acct. ",0,personal effects dark art thing youre talking google provides links blogtwitter acct,1,0.7591628287395638
@trvsbrkr Mornin' Travi$! What's the song you posted last night? Youtube copyrights doesn't allow me to watch the video  have a nice day!,0,mornin travi whats song posted last night youtube copyrights doesnt allow watch video nice day,1,0.6384255767480528
"@krystalmeyers Hey Krystal, watch the movie, you will not be dissapointed  And watch the trailer for New Moon on youtube.",1,hey krystal watch movie dissapointed watch trailer new moon youtube,1,0.8628362182231183
@Rosie21 'This video is not avaliable in your country' I thought youtube was world wide ,0,video avaliable country thought youtube world wide,1,0.5187886927958614
YEAH!!! Met my goal for the week to get my Google Reader messages down to 0. I am sure they will start adding up as soon as I log out ,1,yeah met goal week get google reader messages sure start adding soon log,1,0.8046192388935249
Fuck this and fuck that. this being KRA's and that being Google Docs &gt; ,0,fuck fuck kras google docs gt,0,0.6271227506040926
REally hate when I get behind on my Google Reader and miss the deadline for a giveaway ,0,really hate get behind google reader miss deadline giveaway,0,0.9563907595752474
"@MzDAViS www.youtube.com/Titomi15..WATCH THE VIDEOS,COMMENT&amp;SUSCRIBE!!  &amp; FOLLOW me , Cheers x",1,videoscommentampsuscribe amp follow cheers x,1,0.8971638266922821
@thenewbnb There used to be one Google Translator joke with Aishwarya Rai and Milk. Total ROFL material. Sadly forgot. ,0,used one google translator joke aishwarya rai milk total rofl material sadly forgot,0,0.7925537324434584
http://www.youtube.com./watch?v=IUBkuZkwmn8&amp;feature=related GOSSIP GIRL MEETS THE NOTEBOOK  aww my two faves xxx,1,gossip girl meets notebook aww two faves xxx,1,0.7076567319004069
Loving freelancer writers...they are always such a mystery and I love googling them ,1,loving freelancer writersthey always mystery love googling,1,0.9185414697444565
@OfficialAkaye omg are u serious!!!  such an amazing tour!  r.i.p. ooc tour   &amp; will you be uploading girls aloud clips on your youtube?,0,omg u serious amazing tour rip ooc tour amp uploading girls aloud clips youtube,0,0.6226303732189058
I can't go to youtube... ,0,cant go youtube,0,0.8815724393931974
@JayElectronica Good Morning Chairman of the board! www.youtube.com/watch?v=ivFM0pYyUcy its a living thing....! ,1,good morning chairman board living thing,1,0.8514994391187432
skype and gmail in one day--thank god i am a fast learner ,1,skype gmail one daythank god fast learner,0,0.5420097672500006
leaving for work soon - on my way to best buy - woot!!!! - today the revolution hits the great white north - android for canadians - cool ,1,leaving work soon way best buy woot today revolution hits great white north android canadians cool,1,0.7849927818601418
@jemarihaqi revisi tka gue hehehe... Thx ya bantuin. Google lg lemot ,0,revisi tka gue hehehe thx ya bantuin google lg lemot,1,0.9340739776877868
@kurinatix ahhaha sa youtube ako nag upload ng old videos!  Hi din! hehe! ),1,ahhaha sa youtube ako nag upload ng old videos hi din hehe,1,0.7805965119042219
it is for me! its annoying me  i never realized how much i googled. and now i can't do anything. STUPID GOOGLE. its broken.,0,annoying never realized much googled cant anything stupid google broken,0,0.9652171795942074
"@sophia_tseng Pretty neat stuff, eh? btw, did you know I'm now working at Google? (Not that I had anything to do with Wave.  )",1,pretty neat stuff eh btw know im working google anything wave,1,0.7837931067377653
@taffysaint and I know that told you nowt. Flickr is connected to Yahoo... Picasa to Google. See... dumb blonde rules! ,1,know told nowt flickr connected yahoo picasa google see dumb blonde rules,1,0.7415985426274102
@mn_espngirl99 I can't watch them!!!  I really want to but I can't get the channel!!! I love watching the awards hope people Youtube them!,0,cant watch really want cant get channel love watching awards hope people youtube,0,0.840221639077047
"finally back home, but shivering (tho burning up)... google says it might be sunstroke. sob. if this is my final tweet, remember me well. ",0,finally back home shivering tho burning google says might sunstroke sob final tweet remember well,1,0.7020145403373736
is downloading all my fav hairspray songs forn youtube ,1,downloading fav hairspray songs forn youtube,1,0.8019983199107443
"Youtube's trying to break me, I swear. Must they take down ALL my videos? And they're all the ones I don't have saved to my laptop! Ughh! ",0,youtubes trying break swear must take videos theyre ones dont saved laptop ughh,0,0.8426577743590076
@justmad google analytics ,1,google analytics,1,0.7886481751355716
"@easegill good point - in meantime if already logged into a Google product, a direct link in Mahara to GDocs will act as SSO ",1,good point meantime already logged google product direct link mahara gdocs act sso,1,0.7678330760125431
The REAL google killer drives a street view car  http://bit.ly/SFTny (via @_frank_the_tank),0,real google killer drives street view car via,1,0.5352046912367502
@googleqsb How to do actions on selected items or text?? ,1,actions selected items text,1,0.6282898542618004
... sorry GPGMail ,1,sorry gpgmail,0,0.9832935308749147
@shiloh_dawg will you really? Thank you  Youtube videos aren't helping haha.,1,really thank youtube videos arent helping haha,1,0.887854078271015
@onurozer not as cool as googling ,1,cool googling,1,0.8429096264034956
Check out our Youtube Account!  Subscribe Ox,1,check youtube account subscribe ox,1,0.706782909590485
"While reading my google readers' list, I realized how much of people-I-read's life revolves around twitter ",0,reading google readers list realized much peopleireads life revolves around twitter,1,0.6662449857516829
@HollyHuddleston yo holly i cnt get it up on youtube!!  its only on my facebook. sooooooo....yah.,0,yo holly cnt get youtube facebook soooooooyah,0,0.6231200940344471
Listening To The Saturdays On Youtube!  And Uploading Photos From The Saturdays Onto Facebook =] xx,1,listening saturdays youtube uploading photos saturdays onto facebook xx,1,0.7529975083785994
@jessmauer no navy blue  http://twitpic.com/4gyvy See your gmail for full version ;),1,navy blue see gmail full version,1,0.7331775720142711
making a video of jonas brothers for youtube ,1,making video jonas brothers youtube,1,0.6858499951680987
@TheAndroidSite ya I couldn't pay my bill on it ,0,ya couldnt pay bill,0,0.5441354553129232
Google Wave signup page is busted in Google's Chrome browser. Interesting  - http://remnd.me/0r,1,google wave signup page busted googles chrome browser interesting,1,0.7754779750264768
Now that someone had me hooked on watching youtube videos!  i think im going to read for a little bit!,1,someone hooked watching youtube videos think im going read little bit,1,0.7042677584466124
...but still behind google ,0,still behind google,0,0.5243615317552297
"OMG!! im sooo lazyy... i can't believe im googling for a command/app to close the CD tray.. i tried telekinesis, didn't quite work though ",1,omg im sooo lazyy cant believe im googling commandapp close cd tray tried telekinesis didnt quite work though,0,0.9707550561564187
@mileycyrus omg a part of before the storm was leaked on youtube and fell in love with it!!! you are an inspiration to your peers &amp; me!! ,1,omg part storm leaked youtube fell love inspiration peers amp,1,0.6577198533684004
@ClareHeartsMAC can u add ur link. I can't find u on YouTube. ,0,u add ur link cant find u youtube,0,0.7575636031848147
"@iamlittleboots A father and son comedy dance act duo, it's funny  YouTube it!",1,father son comedy dance act duo funny youtube,1,0.7416332574702856
JACKASS on youtube. ,1,jackass youtube,1,0.6277869837636851
@carolista Whaaa? Should've read Tweets before I tweeted you lol. I'm off to Google it ,0,whaaa shouldve read tweets tweeted lol im google,1,0.6896417484471513
@emzzz321 So? You said to me &quot;Youtube is my home.&quot; Saaaaaaaahhhdd.... ,1,said quotyoutube homequot saaaaaaaahhhdd,1,0.7025936882864716
Can someone tell @msfeistus to Google &quot;fly speech&quot; and &quot;Titus Andronicus&quot;? I tried but it seems she's unfriended me ,0,someone tell google quotfly speechquot quottitus andronicusquot tried seems shes unfriended,0,0.6854825734533407
Hope that One day i will ba at the Google Zeitgeist  Good morning,1,hope one day ba google zeitgeist good morning,1,0.8201976605078001
@Chelseeyuh OMG ME TOO!!! HE'S PROBABLY MY FAVOURITE YOUTUBER!!! ,1,omg hes probably favourite youtuber,1,0.6320637821471394
"Trying 2 get @smudgemuffin and my webshow on Youtube, but it's not working!!!!!! ",0,trying get webshow youtube working,0,0.7479168522577165
haha i just watch a funny ass video on youtube  made my day,1,haha watch funny ass video youtube made day,1,0.9624175551799418
"If your brain was Google, and you hit Images and typed in 'Hypocrite', who would could up?   ",1,brain google hit images typed hypocrite would could,1,0.546499046540363
I google street view cities that i want to go to - but know that i never will.   so far paris - tokyo-  new york.,0,google street view cities want go know never far paris tokyo new york,0,0.7100042704243013
"I forgot the MTVMA's are on.. im SO pissed off!!!! I wanted to see Shia Labeouf so badly!  dam. Well, that's where Youtube comes in ;)",0,forgot mtvmas im pissed wanted see shia labeouf badly dam well thats youtube comes,0,0.884944015343587
quote from gaby: &quot;wtf is bing? and why are they trying to compete with google? Dont' they know google is ftw?&quot; even tho ms pays the bills ,1,quote gaby quotwtf bing trying compete google dont know google ftwquot even tho ms pays bills,1,0.5134077162292899
Youtube is getting bgoder on buzzing right now. Suspended is boldest #jbyoutubesuspended  Come on JoBro fans ,0,youtube getting bgoder buzzing right suspended boldest jbyoutubesuspended come jobro fans,0,0.5230963524454355
@green_i_girl I don't think we have Hickory Farms here.  I will have to Google it and see.,0,dont think hickory farms google see,0,0.5869536363346373
about to hop in the showeer! been busy todaay! Cali tomorrow! Got some shows! Make sure to check out the new video on youtube! ,1,hop showeer busy todaay cali tomorrow got shows make sure check new video youtube,1,0.8137811166611347
"@kabobbins lol, naw I can check my gmail. Just can't get on gchat ",0,lol naw check gmail cant get gchat,0,0.6362757430514625
@kgthagreat yea tre hood claim thats atl theme song which it aint!! lol  but its a youtube vid. that i posted yesterday,1,yea tre hood claim thats atl theme song aint lol youtube vid posted yesterday,1,0.694371230023503
"@TheWordNinjas I tried to join Google Groups, I rec'd an invite by e-mail but it was a no go ",0,tried join google groups recd invite email go,0,0.6128025405328029
"@chicogarcia Chico, can you please send me the Youtube link where Adam cracks a joke about whether he's a Top or a Bottom. ",1,chico please send youtube link adam cracks joke whether hes top bottom,1,0.7880379390261998
@rww offers initial impressions of #googlewave http://ow.ly/cCnH --- still very much digging Wave ,1,offers initial impressions googlewave still much digging wave,1,0.7060865800036799
@MrGoogleAlerts Thanks a lot! And kudos for being so observant! You really caught me in a time of need ,1,thanks lot kudos observant really caught time need,1,0.6763473139941234
@suehuskins i googled but cant find it... we live on vermont in west asheville so i would love to find... i hate when i miss good stuff ,0,googled cant find live vermont west asheville would love find hate miss good stuff,0,0.9487685609653287
Cop my album find me or email me at pingquach@gmail.com five dollars  yay. Grad party tonight. fsho,1,cop album find email pingquachcom five dollars yay grad party tonight fsho,1,0.7785831855807555
@Jonasbrothers hey ... why is your youtube account locked??? i can't watch any of your videos   ,0,hey youtube account locked cant watch videos,0,0.6938384652571341
Hey!! i am at the air place thing... yeah it's  is really cool but i am not gonna be on youtube or anything in till 6 aguast ,0,hey air place thing yeah really cool gonna youtube anything till aguast,1,0.6870514232223786
Spread the music!  http://www.youtube.com/xtinemercado,1,spread music,1,0.8730867821518782
please check out the videos on my youtube channel!!  http://www.youtube.com/user/TsarNick77,1,please check videos youtube channel,1,0.8529271457316515
@CseaLalala and @PinkGuitarChick ............... you guys are crazy. And Blair'sNeighbourTV ep is up on youtube! ,1,guys crazy blairsneighbourtv ep youtube,1,0.6498943766173856
is now the 46th most viewed channel today - this is seriously cool! Check it out  http://www.youtube.com/user/lolafandango24,1,th viewed channel today seriously cool check,1,0.8404002501403911
type in google &quot;seo tips&quot; to see who's now Number 2 out of over 20 million others  U to can leverage facebook in Google!,1,type google quotseo tipsquot see whos number million others u leverage facebook google,1,0.8215573862882688
i trying contact with u via youtube but u dont read my message  nick (hovadoposrate),0,trying contact u via youtube u dont read message nick hovadoposrate,0,0.5133394040246495
Should not have googled how hot her chi flat iron gets  370 degrees,0,googled hot chi flat iron gets degrees,0,0.7400995173648459
@androidtomato @HAMMER32 I hadn't heard them before ,0,hadnt heard,1,0.5604548264072847
#google #maps #android #latitude http://bit.ly/hUaL7  now with video ,1,google maps android latitude video,1,0.8270401512740229
Suddenly the proprietary database on google app engine doesn't sound that unattractive  #partially-in-jest,1,suddenly proprietary database google app engine doesnt sound unattractive partiallyinjest,0,0.6699962465053648
"this is MAYHEM. Facebook won't let me share my feelings,lmao  i need to upload my youtube vidzzz.",0,mayhem facebook wont let share feelingslmao need upload youtube vidzzz,0,0.854164224713838
@ishinee WANNA SEE ? I GOT GMAIL ,1,wanna see got gmail,0,0.5356180116324598
wondering if Google Wave http://wave.google.com/ and Adobe Wave http://bit.ly/mfwIg conflicts as product name ,1,wondering google wave adobe wave conflicts product name,1,0.8142658554681029
@XCoolerThenYouX haha i have a youtube but i think you're probably thinking of jordan1617 ,1,haha youtube think youre probably thinking jordan,1,0.825614633022898
"@djcamilo classics are timeless...dont believe me, check youtube, google, etc. Numbers dont lie &amp; i actually performed it last night, ",1,classics timelessdont believe check youtube google etc numbers dont lie amp actually performed last night,1,0.7836184243302644
watching studio dc almost live on youtube.the 1 tht selena hosted ,1,watching studio dc almost live youtubethe tht selena hosted,1,0.7610514627046442
"@yvettegr search &quot;drunk history ben franklin&quot; on youtube. Were I not working/mobile, I'd find the link myself. Jack Black is narrator. ",1,search quotdrunk history ben franklinquot youtube workingmobile id find link jack black narrator,1,0.6230160624196484
"@socialmilestone bummer, if google would only give me some free programs to sell, drat on my finacial planss  ",1,bummer google would give free programs sell drat finacial planss,0,0.5050019469176895
Off to college for the stupidest exam ever! Can't wait to (hopefully) watch the #Lost season finale on youtube when i get back ,1,college stupidest exam ever cant wait hopefully watch lost season finale youtube get back,0,0.5841728935203484
Check out my youtube channel!  http://www.youtube.com/theultimatedemiifan,1,check youtube channel,1,0.8580127941624308
Check this out really cool stuff..  Google Profile Custom URL and GFC On YouTube  ,1,check really cool stuff google profile custom url gfc youtube,1,0.8943067946317064
"I'd have a million subscribers and making 17cents off youtube instead of being unemployed, submitting 50 applications a day, and hungry! ",0,id million subscribers making cents youtube instead unemployed submitting applications day hungry,0,0.625007583955258
@netizensmedia Someone search for &quot;google&quot; at google.com ,1,someone search quotgooglequot googlecom,1,0.6020108742036585
Youtube coming Soon!!! &quot;Memoirs of a Silent Voice.&quot; A video journal of my struggles of the past ,0,youtube coming soon quotmemoirs silent voicequot video journal struggles past,1,0.6340336492956276
@AshleyLTMSYF baby gaaal! i watched the hsow on youtube coz u neva gonna be here performin in Italy  so i follow u on the web alwaysXDily,0,baby gaaal watched hsow youtube coz u neva gonna performin italy follow u web alwaysxdily,1,0.5831241584363854
@coollike Saw you on @bobbylew's Carpool so finally got round to checking out your stuff on YouTube and really liked it ,1,saw carpool finally got round checking stuff youtube really liked,1,0.8660551536825021
sigh! no evernote app for android yet ,0,sigh evernote app android yet,0,0.7608453647965114
#gimmefailwhale hey can I have them i'm a youtube vid making addict too ,1,gimmefailwhale hey im youtube vid making addict,1,0.8091425280217596
@meganandliz hey! I love ur songs! thy r amazing  I subscribed to u on youtube &amp; I have u as friends on myspace  you guys are AWESOME!!,1,hey love ur songs thy r amazing subscribed u youtube amp u friends myspace guys awesome,1,0.9674539282456617
Google 'ksurl' calling home from my mac every day  Here's the remedy. http://tr.im/lAeQ (caught thank to LittleSnitch),0,google ksurl calling home mac every day heres remedy caught thank littlesnitch,1,0.8708198372820208
watching videos on youtube about 2 certain ppl who i'm not naming and it's making me cry ,0,watching videos youtube certain ppl im naming making cry,0,0.5493131268225268
oops youtube is down!!!    http://tr.im/pvUx,0,oops youtube,1,0.7569348297736078
@mangoesrepent I wish it was on youtube! ,0,wish youtube,0,0.9430837860718883
@Jaime_Rivera I can't navigate without spoken instructions; I do have Google Maps for searching tho ,1,cant navigate without spoken instructions google maps searching tho,0,0.6786220483866491
"@scaryadams first blip , then twitter, whats next google or facebook ",1,first blip twitter whats next google facebook,1,0.8286613032752453
http://wave.google.com/ can't believe that we were trying this 4 years ago! We failed but google hasn't ,1,cant believe trying years ago failed google hasnt,0,0.9375118890494429
@anie_O Saw them on TV and I follow them on YouTube. Been a fan since they uploaded the Thriller vid. ,1,saw tv follow youtube fan since uploaded thriller vid,1,0.7792284862446032
"yeha, just watched the full livechat again on youtube x3 Have you noticed how many times Nick said we are the best fans in teh world??? ",1,yeha watched full livechat youtube x noticed many times nick said best fans teh world,1,0.7161910855238042
"@LindaJosey working out the details...but the goal is to get the internet Twitter, FB, MS, YouTube...to be buzzing with happy info ",1,working detailsbut goal get internet twitter fb ms youtubeto buzzing happy info,1,0.7389011465963187
@zacxor schick mir mal pls ne email an pr0f4ne19@googlemail ty ,1,schick mir mal pls ne email prfne ty,1,0.7798176394369936
@drdebs First headline on  my google feed. Just terrible ,0,first headline google feed terrible,0,0.546572191818582
"@adam_d hername.com. Then set up Google Apps and catch-all, and redirected it to her Facebook page. ",1,hernamecom set google apps catchall redirected facebook page,1,0.7067433210780164
Check out my YouTube Channel I know all my Youtube family misses me. check it out www.youtube.com/princeyoungtv Comment and Subscribe ,1,check youtube channel know youtube family misses check comment subscribe,1,0.7819433661619725
@endoplasmic Saw the new Google Street View last night while adding links to our vaca pix. Was wondering when it came - very nice indeed! ,1,saw new google street view last night adding links vaca pix wondering came nice indeed,1,0.6792045559373476
"@jp_murphy We both one a HTC Magic each, which is the new Android phone that Vodafone are carrying   We're both quite chuffed ",1,one htc magic new android phone vodafone carrying quite chuffed,1,0.686558469453275
@KrazyKid I'm fine babe. You? @FreshLikeFebrez Ugh. You suck. @YoBoiPat I'm well. You? @AfricanoBOi YouTube is wack. @siirensiiren   ,0,im fine babe ugh suck im well youtube wack,0,0.776779664403165
Why can't I find Keanthony's &quot;I Ain't Tryna&quot; anywhere?? YouTube starting to let me down ,0,cant find keanthonys quoti aint trynaquot anywhere youtube starting let,0,0.8971529926484969
@edbretten aaarrrggghhh! We are denied access to YouTube at my work! Will have to wait until I get home this evening   brill song though,0,aaarrrggghhh denied access youtube work wait get home evening brill song though,0,0.6495066386751914
Going to wash my brushes while some videos upload to youtube ,1,going wash brushes videos upload youtube,1,0.660365564002656
"theres spoilers EVERYWHERE! team jonas, twitter, facebook, myspace, youtube! GOD, theres a thing called suprised...and temptation ",0,theres spoilers everywhere team jonas twitter facebook myspace youtube god theres thing called suprisedand temptation,1,0.5688752892274038
"@PS3Attitude, writing, how about some random number generating!  almost 21 bst, once i google that. i shall know!",1,writing random number generating almost bst google shall know,1,0.8711031476768791
thinking about the essay. yayayya thanks google ,1,thinking essay yayayya thanks google,1,0.8839732340266605
you have to watch diddy's lock in video: a lots of good energy  lock in! lock in!http://www.youtube.com/watch?v=81UZgJAkRik,1,watch diddys lock video lots good energy lock lock,1,0.8014913100051971
@JeffWoelker I have another Google Twitter account that you hadn't mentioned: @googledata ,1,another google twitter account hadnt mentioned,1,0.7316298793452578
@JayashreeR BTW what n how is the internal reaction to Google's Wave? I m sure folks knew abt it a little earlier than us! ,1,btw n internal reaction googles wave sure folks knew abt little earlier us,1,0.8421595203467799
Google promises even faster JavaScript handling in Chrome 2.0. How is that even possible?  http://tinyurl.com/og4zn3,1,google promises even faster javascript handling chrome even possible,1,0.6949444185036431
@drinkmoxie thank you for the gmail question answer last night ,1,thank gmail question answer last night,1,0.8561816146469969
"just got into bed. goood shit tonight. btw, search up &quot;puke play&quot; on youtube and have fun! ",1,got bed goood shit tonight btw search quotpuke playquot youtube fun,1,0.8178195450754333
"I'm taking voice lessons via Youtube   Go cheap, people.  Go cheap.",1,im taking voice lessons via youtube go cheap people go cheap,1,0.7513569930935824
"@AnnetteStatus There's no pics of Miley or JB on youtube, well, that i've seen ?  ...",0,theres pics miley jb youtube well ive seen,1,0.5066878918550625
still dont understand why the @JonasBrothers youtube account was removes  not soo happy about it GTG watch some T.V so TTYL byee for now!!,0,still dont understand youtube account removes soo happy gtg watch tv ttyl byee,0,0.5557892693111419
@DMB_ haha i didn't know what the gorge was so i had to google it-i must admit that it does look pretty insane! too bad its in washington ,0,haha didnt know gorge google iti must admit look pretty insane bad washington,1,0.6043030619062106
"life's short, use hotkeys, shortcuts, mouse gestures, launchy and google ",1,lifes short use hotkeys shortcuts mouse gestures launchy google,1,0.737716851495478
"@bobtheostrich Yes, I know, Velvet Whip's fine, but just Google for Zarabeth and you'll find almost all my online history. I'm Zarabeth! ",0,yes know velvet whips fine google zarabeth youll find almost online history im zarabeth,1,0.7222376714089436
"wooo! i installed that usb port thingo into my motherboard and it workedd, so proud of myself. youtube famous here i come ",1,wooo installed usb port thingo motherboard workedd proud youtube famous come,1,0.8368019590391816
"iPhone OS 3.0 is still limited to one Exchange account, so no Google Sync Exchange for me. ",0,iphone os still limited one exchange account google sync exchange,0,0.7579097388538842
@andypiper See @nph Bing iPhone workaround http://tr.im/ibing via Google cache ,1,see bing iphone workaround via google cache,1,0.6811842900398816
@tommcfly dont you think it would be cool to work at google?!  x,1,dont think would cool work google x,1,0.5981862454954976
"@mauveguimauve HAHA&lt;3 i just watched that clip on youtube  i wanted to put that on my page but they disabled the embedding, ",0,hahalt watched clip youtube wanted put page disabled embedding,0,0.7591163082343262
@vprincess hahaha my family do the same thing ahhaa check out videos http://youtube.com/melycami ,1,hahaha family thing ahhaa check videos,1,0.9158920324127241
Watching dc3 clips on youtube....ugh miss em ,0,watching dc clips youtubeugh miss em,0,0.7000009471857543
@charlieskies  that is actually a better name than fluffballthegodzilla (my youtube username).  ive been beaten ,0,actually better name fluffballthegodzilla youtube username ive beaten,1,0.7833866284712357
"@frostbytez hey man, not yet  waiting for some disposable income. probably going for HTC Magic, android looks sweet",0,hey man yet waiting disposable income probably going htc magic android looks sweet,1,0.7431307406703462
http://www.youtube.com/brittandjolien  subscribe pleaseee &lt;3 another video coming up ,1,subscribe pleaseee lt another video coming,1,0.6715381364809788
231 views for youtube playlist 2&lt;3   XD http://bit.ly/1a4Iys,1,views youtube playlist lt xd,1,0.8929947944464154
MUST STOP WATCHING @NKOTB VIDEOS ON YOUTUBE. Just depressing myself that I wont be at the show tomorrow night when I was supposed to be. ,0,must stop watching videos youtube depressing wont show tomorrow night supposed,0,0.7029307619653392
OMG - youtube actuually has the clip of Tommy cooper's last live act  -thats just wrong. Wish i hadnt even clicked on it... ,0,omg youtube actuually clip tommy coopers last live act thats wrong wish hadnt even clicked,0,0.9014473224181809
"I can't get on Google for some reason, page isn't loading for me  Need ma' Gmail!",0,cant get google reason page isnt loading need gmail,0,0.9326563593577715
@AndrewDearling :o And I missed it? And I'll miss the rpt 2mrw  Oh well there's youtube sunday I guess. Thanks Andrew ,0,missed ill miss rpt mrw oh well theres youtube sunday guess thanks andrew,0,0.8833016367003202
was trying to watch heidi montag/pratts video on youtube but it wont let me watch it on my phone  stinkin utube,0,trying watch heidi montagpratts video youtube wont let watch phone stinkin utube,0,0.8430581242046643
"@MischievousMel Please send me those youtube links, Erin watched most of them but I was cooking and didn't get to see the cowboys ",0,please send youtube links erin watched cooking didnt get see cowboys,0,0.6254881191772057
"@eoinlally Google Wave is a Wikipedia, Myspace, Gmail, Google News, Google Desktop, Twitter AND FACEBOOK!!! lol So I've been told ",1,google wave wikipedia myspace gmail google news google desktop twitter facebook lol ive told,1,0.7494023550405492
"Photo: oh google maps, you always know what day it is  http://tumblr.com/xig1r02sh",1,photo oh google maps always know day,1,0.7710631165494787
"trying to build this android thingy.  takes too much time, i guess, should take a nap in between",0,trying build android thingy takes much time guess take nap,0,0.6628677408158494
"@ideologyNZ thanks! and yeah - She's doing some Google Analytics work for us, contracting from up the far north ",1,thanks yeah shes google analytics work us contracting far north,1,0.7130009853477043
"Awesome : currently at position 2 out of 32,700,000 in Google's SERPs for the term Website Engineer  Get in...http://cli.gs/rmDXSd",1,awesome currently position googles serps term website engineer get,1,0.8483670816131029
@caaakes Tell X to email me pics! OfficialShew@gmail ,1,tell x email pics officialshew,1,0.7531476086714651
@cjdarlington I've been using google earth for novel #2. so I can figure out where's the best place to die in the woods on the CO trail. ,1,ive using google earth novel figure wheres best place die woods co trail,1,0.7031015406846776
Let me google that for you http://lmgtfy.com/ ,1,let google,1,0.7255762972064149
Songs I should cover in future youtube videos until I get my new recording software...GO!  ,1,songs cover future youtube videos get new recording softwarego,1,0.9046548163749442
"in other #pre news, i'm reminded I need to clean out my dang gmail addressbook; ye gads. I don't really need this many ppl ",1,pre news im reminded need clean dang gmail addressbook ye gads dont really need many ppl,0,0.8795582328812613
"Oh god! It was just pointed out that the googlesearchbot is gone, too.  #boticide09",0,oh god pointed googlesearchbot gone boticide,0,0.8542011646898588
Add me as a friend or sbscribe if you have YouTube ,1,add friend sbscribe youtube,1,0.8111383138027208
"@xDorkyStacy Ha! THAT SOUNDS SO WRONG STACY! lmao  i love you. and when I take one, I'll think of you too. haha, and on youtube. ",1,ha sounds wrong stacy lmao love take one ill think haha youtube,1,0.8990054428802866
Peru se s nastavenï¿½m Thunderbird pro Gmail. Zatï¿½m bezï¿½sp?ï¿½n? ... ,0,peru se nastavenï¿½m thunderbird pro gmail zatï¿½m bezï¿½spï¿½n,1,0.5050799781004132
@Philbradley For Bing on iPhone try http://tr.im/ibing workaround courtesy @nph and Google cache (FWIW: saw your post on Bing earlier ,0,bing iphone try workaround courtesy google cache fwiw saw post bing earlier,1,0.6711063257611618
"everyone, go to youtube, and search gem sweater. it'll be the first one. you will thank me. ",1,everyone go youtube search gem sweater itll first one thank,1,0.8748599742038655
http://tr.im/nDdQ whats wrong with it???.. chrome has google as its default search  engine ,1,whats wrong chrome google default search engine,0,0.635777528266394
@ratulaich www.showmedo.com and Painless Python on YouTube is what I got as suggestions ,1,painless python youtube got suggestions,1,0.7034740931078113
@merlebowers He's the star of House. Plus a huge British actor. He's done lots and lots. Too much to list. Try googling his filmography ,1,hes star house plus huge british actor hes done lots lots much list try googling filmography,1,0.703594357922738
@Shorty5555 on YouTube it's so funny ,1,youtube funny,1,0.8871291812339724
I am totally digging the new android update for the g1  it is about time I get it! All 2 months later n shit....,1,totally digging new android update g time get months later n shit,1,0.7116652637504353
"Googled myself &amp; found an entry that when I was in 2nd grade, I told someone that you can eat Mac &amp; Cheese crayon and they took a bite. ",1,googled amp found entry nd grade told someone eat mac amp cheese crayon took bite,1,0.5410586320113956
Check this video out -- E3 2009: Assassin's Creed 2 Trailer http://bit.ly/16fVJV  - More links from YouTube! ,1,check video e assassins creed trailer links youtube,1,0.7695381844109739
@mtnmissy Your own domain better in terms of google page rank and feeling of independence ,1,domain better terms google page rank feeling independence,1,0.5889666931759749
"@theoneinpink oh, YEP, came up second on google.    Maybe it's equally as sad that I knew it was from that episode w/out reading your blog",1,oh yep came second google maybe equally sad knew episode wout reading blog,0,0.5305802639108554
Photo: 25 year Tetris anniversary is being recognized by Google  http://tumblr.com/xwm1z0chi,1,photo year tetris anniversary recognized google,1,0.8532378318455021
@MaddieMcBroom email me at stephaniemonier@gmail.com ,1,email stephaniemoniercom,1,0.6630483996482175
"loves @jonasbrothers Fly With Me. &lt;3 I've watched it...10 times on Youtube already.  I would watch more, but finals are tomorrow. ",0,loves fly lt ive watched times youtube already would watch finals tomorrow,1,0.6380846031634659
wtf is with google/gmail this morning? theyre not working for me. ,0,wtf googlegmail morning theyre working,0,0.8103302139923622
googling on pals out there.... ,0,googling pals,1,0.541990884009232
"Happy  added 3 new videos onto youtube, and finished my part of a collab ",1,happy added new videos onto youtube finished part collab,1,0.9154393584258694
put the video outthere. man it really sucks.  whatever check it out (: youtube.com/0pancakes0,0,put video outthere man really sucks whatever check youtubecompancakes,0,0.6317951809158124
"http://is.gd/w48U google streetview of Steentilstraat 33a, used to live there ",1,google streetview steentilstraat used live,1,0.7247210051613874
"@SphinxLee Wow, this is googd, cause parties often take my energy! ",1,wow googd cause parties often take energy,1,0.7469594503484818
"@Ahmier I'll be around, dear just tweet me or email back.  @lilyyxdayys How did you start following me? Are you a subscriber on YouTube?",1,ill around dear tweet email back start following subscriber youtube,1,0.8077459895816721
@nickjonline jonas brothers youtube has been suspended from sara if you dont believe go check ,0,jonas brothers youtube suspended sara dont believe go check,0,0.5150456053305774
I am on YOUTUBE. ,1,youtube,1,0.6501417179341825
"@catsparks yeah,it's the power of youtube! ",1,yeahits power youtube,1,0.6583518957766754
We are advirtising Twitter on YOUTUBE ,1,advirtising twitter youtube,1,0.7387727882257364
New version of Google Chrome out http://tr.im/m5aU...but still no Mac version ,0,new version google chrome still mac version,1,0.643843820201091
all those freaking tv shows on youtube...i miss my old friend ,0,freaking tv shows youtubei miss old friend,0,0.8838473506602043
*fingers crossed* hope youtube doesn't rip the audio off ,0,fingers crossed hope youtube doesnt rip audio,0,0.7236989894609034
"I've finally gone back to posting some of my music on YouTube for anyone who wants to listen, so enjoy! ",1,ive finally gone back posting music youtube anyone wants listen enjoy,1,0.8403844326068334
What to get my Dad for Father's day?  So last minute- I'm thinking maybe a funny conservative tee?  Better start googling something fast ,0,get dad fathers day last minute im thinking maybe funny conservative tee better start googling something fast,0,0.6860100557253297
"haha i was on youtube listening to poker face by lady gaga!! lolz, i actually like her ",1,haha youtube listening poker face lady gaga lolz actually like,1,0.9095429976648591
"@yazeez its good... but google chrome is better, the annoying thing about safari is the tabs and you can't reopen closed tabs ",0,good google chrome better annoying thing safari tabs cant reopen closed tabs,0,0.803698123695565
OMG Google Voice Search for Android is awesome! Even recognises my Scottish accent! ,1,omg google voice search android awesome even recognises scottish accent,1,0.8728027256894412
Damn. Just tried Cmd-R to reply in Gmail. That makes the browser reload the page ,0,damn tried cmdr reply gmail makes browser reload page,0,0.8986061843346291
"@MOSSBERGDABEAST No never heard of them, but I am about to google them now. Thx. ",1,never heard google thx,1,0.7825495788738087
Just found a clip on YouTube of a certain Pop singer name-checking me at a gig.  Wow... I had no idea it was televised. Feeling Special ,1,found clip youtube certain pop singer namechecking gig wow idea televised feeling special,1,0.6953692316235984
ah! youtube is on site matience right now... i hate this... its ok. i'm in the middle of some art... ,1,ah youtube site matience right hate ok im middle art,0,0.6343229756881001
@simonmayo You can create online spreadsheets here    http://docs.google.com/,1,create online spreadsheets,1,0.7389942012388895
Watched AlexATL videos on youtube minus Dance Parties and Tour Antics  no sound! going to see Night At The Museum 2!,0,watched alexatl videos youtube minus dance parties tour antics sound going see night museum,1,0.8016282649421383
"when you google &quot;Suggestions&quot;, Google is the first result ",1,google quotsuggestionsquot google first result,1,0.8432687855940577
@Lizinhollywood What patience? 8) And BTW we Europeans still aren't able to watch your First Time Driving  Can't you upload it on youtube?,0,patience btw europeans still arent able watch first time driving cant upload youtube,0,0.7764153262814226
New youtube vid. Finally. ,1,new youtube vid finally,1,0.8327032553206565
One more wait for me preview from google - http://wave.google.com/ - Everything is too &quot;Beta&quot; ,0,one wait preview google everything quotbetaquot,1,0.732308677677329
YouTube is being soooooo annoying!! ,0,youtube soooooo annoying,0,0.7198379233802059
Crezi ca este greu sa explici unor &quot;regulary people&quot; ce este si cum functioneaza Twitter?? Try Google Wave.. ,1,crezi ca este greu sa explici unor quotregulary peoplequot ce este si cum functioneaza twitter try google wave,1,0.8337357684571248
@rxgcrew iniwan nyo ko sa gmail hay ,1,iniwan nyo ko sa gmail hay,1,0.6491635682094142
@senatorhatty I did get the update OTA...woke me up at 6am. Worth it though.  #android,1,get update otawoke worth though android,1,0.6202918458139334
@shiraabel  Me and Ahoova are back and forth on gmail by now...this is only an after effect . Nobody called me yet. What does it mean?,1,ahoova back forth gmail nowthis effect nobody called yet mean,0,0.7376453609636417
"@padfootx whenever you get back on, i figured out how to rip audio from YouTube and I got a really good quality of The Promise  xx",1,whenever get back figured rip audio youtube got really good quality promise xx,1,0.6531470397892585
@CarterOrange True... I just picture Rob all throughout the book    I'm watchin some of your other videos on youtube. They r very good! ,1,true picture rob throughout book im watchin videos youtube r good,1,0.8140867356171029
"@sarahpierpont for some reason, german youtube won't let me see that video ",0,reason german youtube wont let see video,0,0.7592661581654072
"@kickyoutube hey, can i ask.... why cant i use AVI when i download? and kickyoutube is very usefule... it's nice! ",1,hey ask cant use avi download kickyoutube usefule nice,1,0.6888131342440889
@pen15lvr they frown on us googling alcohol at work ,0,frown us googling alcohol work,0,0.8265249267560411
"@elewis1997 Firefox... I loved it until about 4 months ago, when it stopped displaying my gmail inbox properly ",0,firefox loved months ago stopped displaying gmail inbox properly,0,0.6232747155026406
@RobstenRobsten yup. I googled bout it. I dnt know bout tony award ,0,yup googled bout dnt know bout tony award,1,0.6496938784065053
"I've asked Google, if it's legal to use maps in embed? They said &quot;yes&quot;, So embeds will came with dynamic maps as well.  Back to work...",1,ive asked google legal use maps embed said quotyesquot embeds came dynamic maps well back work,1,0.7392024177800214
"@mdrios ahh i just tried to youtube the clip, and viacom already took it down! ",0,ahh tried youtube clip viacom already took,0,0.8170815187918061
"Hanging with 4 cool homos, including Android Electro ",1,hanging cool homos including android electro,1,0.8770046914165135
WTF? My google sync hasn't updated since April 26th. NO WONDER I've missed random appointments. They aren't showing up on my calendar. ,0,wtf google sync hasnt updated since april th wonder ive missed random appointments arent showing calendar,0,0.7670821932436336
@CHRIS_Daughtry Cant find it on Youtube and VH1 doesnt like us canadians! ,0,cant find youtube vh doesnt like us canadians,0,0.9445577713637354
CHK CHK booooom. look it up on YouTube. ,1,chk chk booooom look youtube,1,0.8407276859293455
"awwww, there are vids on youtube of the convention I DIDN'T get to go to.. Jared is so funny! And I missed it. It makes me cry ",0,vids youtube convention didnt get go jared funny missed makes cry,0,0.9285627806615577
I've watched almost 10.000 videos on the Youtube. Check out my account  I am awesome....(agree or die),1,ive watched almost videos youtube check account awesomeagree die,1,0.5711412950942395
"omgoodness.. hot day today, my backs burnt  i decided i need to make a new youtube video sheesh, i fail lol",0,omgoodness hot day today backs burnt decided need make new youtube video sheesh fail lol,0,0.6627028269319708
"Yikes, Kajagoogoo are ageing worse than me...http://twitpic.com/556ih and that comeback tour consists of two dates  - one in my home town ",0,yikes kajagoogoo ageing worse comeback tour consists two dates one home town,0,0.7889160042256338
"In march, @evernote said they were working on an android version. How far in the works is it? Curious. Looking forward to it ",1,march said working android version far works curious looking forward,1,0.7554178605586186
@weezy_princess I watched it on Youtube ,1,watched youtube,1,0.6359436581833287
"@kevly90 Kevin, that's exactly why i called you! cause I was on my break...now I'm not  are you on gmail chat?",0,kevin thats exactly called cause breaknow im gmail chat,1,0.6230821556398966
setting up my music youtube ,1,setting music youtube,1,0.7889178647811049
Just saw a graphic and close up YouTube clip of a Iranian protester bleeding to death ,0,saw graphic close youtube clip iranian protester bleeding death,0,0.8036744328772063
@kerryjeanpower yip  there is the Google phone option... or I guess any of those types of phone?,0,yip google phone option guess types phone,0,0.7439492273466648
"Btw, #GoogleWave T-shirt is very nice, I'd like one and one more as a backup. ",1,btw googlewave tshirt nice id like one one backup,1,0.8516550541132374
@janine_j9 haha. same.  &amp; myspace &amp; youtube.,1,haha amp myspace amp youtube,1,0.83231354892177
Setup my Facebook and Google ads! ,1,setup facebook google ads,1,0.674196307257422
"updating on youtube, subscribe to me on there and be friends  http://www.youtube.com/user/tojodorian",1,updating youtube subscribe friends,1,0.7751441531145177
Following the Angel from Sussex too now. Following her vids on youtube too. Check them out...  www.youtube.com/sussexangel ,1,following angel sussex following vids youtube check,1,0.862654339199087
i wish i understood this twitter stufff. i even looked up on google how to understand this site. im a confused and distraught giirl. ,0,wish understood twitter stufff even looked google understand site im confused distraught giirl,0,0.8236799178427554
@jcodybaker look at this. Now.  http://wave.google.com/,1,look,1,0.8871702740991986
"set google reader to offline - it downloaded all posts, another online/offline switch - it is downloading again ",0,set google reader offline downloaded posts another onlineoffline switch downloading,1,0.5745110740995896
"I'm in photography, even though I've finished college. I'm such a dedicated student... watching youtube videos ",1,im photography even though ive finished college im dedicated student watching youtube videos,1,0.6919408760175647
@EvaLedesma I know sucks huh? even i can't answer that for you cos YouTube didn't even give me so much as an explanation!  such a waste!,0,know sucks huh even cant answer cos youtube didnt even give much explanation waste,0,0.9372279604592371
Looks like #officialbb have had my youtube account removed. Don't know why mine but they are leaving up other peoples  Been sharing the,0,looks like officialbb youtube account removed dont know mine leaving peoples sharing,0,0.8755339741348904
Missing my adorable nieces - watching YouTube videos of them is just not enough sometimes ,0,missing adorable nieces watching youtube videos enough sometimes,0,0.5036351263320447
Bored of Sims for today  Still thinking of a name for me and Lukes youtube account to post our awesome new vid on  ideas people!!,0,bored sims today still thinking name lukes youtube account post awesome new vid ideas people,1,0.5079249164369056
@ramielemalubay yup...saw your youtube site and it was nice! specially the one you singing halo... great voice! a true pinoy pirde! ,1,yupsaw youtube site nice specially one singing halo great voice true pinoy pirde,1,0.9073870535801459
"a new youtube account, probably just originally made videos once I get a camcorder. ",1,new youtube account probably originally made videos get camcorder,1,0.6405486343395592
I had a fun day yesterday with my cousins  I love the videos you showed me in youtube @luaann,1,fun day yesterday cousins love videos showed youtube,1,0.875872270391863
"&quot;Trading My Sorrow Solevites Norway&quot; in Youtube, My first time to dance!!!!  To God be the glory! ;) hehe",1,quottrading sorrow solevites norwayquot youtube first time dance god glory hehe,1,0.9069659252105795
"@ddlovato AJ RAFAEL (AWESOME MUSICIAN, FAMOUS ON YOUTUBE) COVERED YOUR SONG, DON'T FORGET. PLEASE WATCH IT  IT'S GOOD! http://bit.ly/vFWAs",1,aj rafael awesome musician famous youtube covered song dont forget please watch good,1,0.9099594857443948
hey   my youtube page is changed  visit http://youtube.com/ejayivanlac,1,hey youtube page changed visit,1,0.7931865753555707
I've added 5 or 6 videos to my youtube in the last day! Yaybees! And I'm editing even more of them now. ,1,ive added videos youtube last day yaybees im editing even,1,0.5145504759750718
"@julieunplugged Thanks--I'll try it! Funny, I'm so used to twittering my questions that I forget to google. ",1,thanksill try funny im used twittering questions forget google,1,0.8960864572133748
I search #Twitter now more that #Google especially for local results ,1,search twitter google especially local results,1,0.8430957218658993
@Stephanya my inspiration for my new vlog style is at http://youtube.com/supermac18 ,1,inspiration new vlog style,1,0.7978377965261221
@imkesdiary Lemme see your YouTube channel! Send me the URL ,1,lemme see youtube channel send url,1,0.7838646315958181
Im liking google chrome ,1,im liking google chrome,0,0.5021675481052592
"@mmitchelldaviss It saddens me, you're youtube has changed. It's just like every other youtube kid, you used to be different ",0,saddens youre youtube changed like every youtube kid used different,1,0.5553158421063459
Will an Android soon be running part of your life?  That's my plan  http://www.slate.com/id/2219779/,1,android soon running part life thats plan,1,0.7801248615437301
Sad that JB's youtube is suspended  listening to Paranoid by them ,0,sad jbs youtube suspended listening paranoid,0,0.6947172465231022
pimp my #g1  #googlemaps now as standalone app in the market. nice new functions,1,pimp g googlemaps standalone app market nice new functions,1,0.850774996585784
one of my site is labeled: 'This site may harm your computer'  by Google ,0,one site labeled site may harm computer google,0,0.5051435550797723
It's so hard having to walk someone through how to do something on a mac when all I have are whatever screenshots I can find on google ,0,hard walk someone something mac whatever screenshots find google,0,0.6046422819055944
"@linseelu I haven't been able to find one, or youtubes ",0,havent able find one youtubes,0,0.7810552442347262
Subscribe to our YouTube channel - http://YouTube.com/tiamowryonlineorg (our previous URL was tia-mowry.org btw) ,1,subscribe youtube channel previous url tiamowryorg btw,1,0.7960551198706142
"@iA My mum does that, full URLs in the search bar  And a load of my mates will type 'Youtube' in Google then click the result. #usersfail",0,mum full urls search bar load mates type youtube google click result usersfail,1,0.6300509418274897
@jasdeep @sepiaverse have you come across songs of satinder sartaaj on youtube.. sounds good ...  #sufi,1,come across songs satinder sartaaj youtube sounds good sufi,1,0.8196943022554656
@_Chelsea_Marie i knw but... its fake on youtube... someone put a diff band on there ,0,knw fake youtube someone put diff band,1,0.5128462227608607
"@clvngodess go to Joanns for fabric...and be sure to google joanns coupons, you can save money that way... ",1,go joanns fabricand sure google joanns coupons save money way,1,0.7733353074893488
@skibumbrian777 LOL...I will probably catch it on youtube tomorrow  go enjoy...will be up for awhile,1,loli probably catch youtube tomorrow go enjoywill awhile,1,0.649973590710815
Can't wait to be home and watch some youtube videos!  Only 30 minutes to go...,1,cant wait home watch youtube videos minutes go,1,0.7752958079963127
"Youtube is made of such fail  Also, how do I inform my parents that my car scares the crap out of me without sounding ungrateful?",0,youtube made fail also inform parents car scares crap without sounding ungrateful,0,0.8690882631030376
#youtube - Souljaboy - Crank that  iwie verarsche =D http://cli.gs/Se6MV1,1,youtube souljaboy crank iwie verarsche,1,0.695892225187891
omgod Google fails me right now ,0,omgod google fails right,1,0.5303428860314142
"@Sims_Fan I downloaded it, google &quot;The Sims 3 Reloaded&quot; It's the full game, and working awesome. And it works on BOTH Mac and PC! ",1,downloaded google quotthe sims reloadedquot full game working awesome works mac pc,1,0.8543752971829534
Please visit the following sites: http://www.Youtube.Com/helloimnicknarnia and dont be afraid ,1,please visit following sites dont afraid,0,0.5241954130825488
"I love fabio, for those who don't know who that is, google him. Its my dream man. ",1,love fabio dont know google dream man,1,0.5818068363036575
wow this was recomended for me... http://bit.ly/4ec9xv  youtube know me well  love it! &lt;3,1,wow recomended youtube know well love lt,1,0.8660369953082857
@nicolemauricio Aw how come ur up so early? love ur youtube vids btw ,1,aw come ur early love ur youtube vids btw,1,0.7711253684661024
@Nanalew I'm sorry   I hope @YouTube starts being nice...,0,im sorry hope starts nice,0,0.7979337063354325
@HanaStephenson I hope I'll go very soon too oO just saw that you had the Homeparty Poster as your background on your old youtube ,1,hope ill go soon oo saw homeparty poster background old youtube,1,0.7936284613252151
Watch the original Star Trek episodes on Youtube. Loved the movie. ,1,watch original star trek episodes youtube loved movie,1,0.8569406525130827
 still awake.  Just looked up eye make up on YouTube and dis a pretty blue on myself. I need to sleep !,0,still awake looked eye make youtube dis pretty blue need sleep,0,0.5256098513404622
eagerly w8ing for google's WAVE....... i wonder how it will be.... shuld b nice.... ,1,eagerly wing googles wave wonder shuld b nice,1,0.8846814976512505
"@ExodusFX Ukiah, way north of SF. Google map it ",1,ukiah way north sf google map,1,0.6911331202457595
Feeling bad for Chrysler....it is a brand I grew up with. But I hate it  I am big fan of Audi!! but driving a land rover @missgoogle ))),1,feeling bad chryslerit brand grew hate big fan audi driving land rover,0,0.8779237705726095
"DAMN had a good youtube vid all worked out, then my bloody computer doesnt reconnise the vid format  *huffs*",0,damn good youtube vid worked bloody computer doesnt reconnise vid format huffs,0,0.8234331317143648
It's Tetris' silver jubilee! Google's tribute is cool  http://bit.ly/fGobja,1,tetris silver jubilee googles tribute cool,1,0.8248906323592892
in touch with google maps.. anyone wanna give some tutorial? ,1,touch google maps anyone wanna give tutorial,1,0.7932463122493437
Going back to Firefox. New imporvements I see. I like. I still sorta miss Google Chrome. ,0,going back firefox new imporvements see like still sorta miss google chrome,0,0.7046286066795469
Please subscribe so I can be a partner! PLEASE http://www.youtube.com/user/NonSufficientFunds Please and thank you! ,1,please subscribe partner please please thank,1,0.7995902629784154
"Extremely, extremely SAD to give up my Opera browser for better Gmail functionality  I love it in all other respects...time to try Chrome",0,extremely extremely sad give opera browser better gmail functionality love respectstime try chrome,0,0.6390540251208598
Just posted a new vid on youtube  go check it out. youtube.com/heatherbiondio,1,posted new vid youtube go check youtubecomheatherbiondio,1,0.7587709149395323
@kpacek330 have you seen jennettes new youtube video of her singing ?!  you should btw shes such an amazing singer ,1,seen jennettes new youtube video singing btw shes amazing singer,1,0.8848718740473704
@mydesire I saw that earlier on Darker Sights/Sounds. I subscribe to that blog in my google reader.  Yummmminesssssss.,1,saw earlier darker sightssounds subscribe blog google reader yummmminesssssss,1,0.7365714857020088
@youtube why do we wait so long for the video to upload to have it have to upload again ,0,wait long video upload upload,0,0.6563283045042833
@TradingGoddess Omg! I'm sorry!  Ugh.. im so mad right now.. @jonasbrothers YouTube account got suspended &gt; ARRGH!,0,omg im sorry ugh im mad right youtube account got suspended gt arrgh,0,0.9690617982241908
Watching boys over flowers now at youtube ,1,watching boys flowers youtube,1,0.8388151936649114
@benald Hi I have uploaded 5 completely new Chinese Lessons on www.youtube.com/ChineseLearn Please feel free to watch and enjoy ,1,hi uploaded completely new chinese lessons please feel free watch enjoy,1,0.9010428739891769
"@pambaggett bummer!  did you search for the site you are looking for? if you have a google account, it may have your search history.",0,bummer search site looking google account may search history,0,0.6141214591724536
@DaisyKary Thank you for posting Clef's Idol Video on your Youtube Channel! Love it! ,1,thank posting clefs idol video youtube channel love,1,0.9647591614965878
@djstevecox steve I can't copy links with the G1. Ill do it tonight late. Send me ur email.   jasonsteven617@gmail.com,1,steve cant copy links g ill tonight late send ur email jasonstevencom,0,0.6443313896959026
http://twitpic.com/6tgq7 - I just found one of my CK Underwear shoot pics on Google Images...woop woop ,1,found one ck underwear shoot pics google imageswoop woop,1,0.7315037009002632
watching acoustic paramore videos on youtube   i should b sleeping. gotta work 2morow morning.,1,watching acoustic paramore videos youtube b sleeping gotta work morow morning,1,0.688554068391496
http://www.youtube.com/user/jima6636   i should just do that and shut it down ,0,shut,0,0.6047321288757503
"@valleygurl hey there girl, i tagged u on youtube since u say u like to be tagged, i did! lol ",1,hey girl tagged u youtube since u say u like tagged lol,1,0.8468781986042909
I may be using Bing more than Google in the future. In fact it saves time searching with Bing: 4 letters less to type in the URL. ,1,may using bing google future fact saves time searching bing letters less type url,1,0.8688681337486163
@Jonasbrothers your youtube account was shut down!!!!!! ,0,youtube account shut,0,0.6383990128938983
So much news on more Android based devices - especially on T-Mobile. I'm all giddy and can't wait  (starts saving up) #android #tmobile,1,much news android based devices especially tmobile im giddy cant wait starts saving android tmobile,1,0.7632928590259678
no googledesk top for me - it won't play nicely with 64 bits it seems ,0,googledesk top wont play nicely bits seems,0,0.5282900084955977
Gmail strugling to pop-up since morning ,0,gmail strugling popup since morning,0,0.5402481509039434
"and now its already lunch time... u have just finished with twitter,FB,orkut,gmail..!!! damn.. when will my work start.. ",0,already lunch time u finished twitterfborkutgmail damn work start,0,0.7722602397683438
@4goggas do u remember how *life-changing* Google Knol was supposed to be? ,1,u remember lifechanging google knol supposed,1,0.5183365633092641
Comparison of HTC Touch Pro and Diamond running Android  http://twitpic.com/6agpe Diamond has colors off!  Barely working tho ,1,comparison htc touch pro diamond running android diamond colors barely working tho,1,0.5691594980826122
"I don't know what the idea is. I can use twitter, google talk but can't surf internet. What's wrong with it. ",0,dont know idea use twitter google talk cant surf internet whats wrong,0,0.9310090200498982
@mahafreed Damn. Google Translate doesn't work on Marathi. ,0,damn google translate doesnt work marathi,0,0.9020565850462273
"@tashjudd dm won't send. my email is suw.charman - at -gmail.com, and it's for this project: http://is.gd/LAmp ",1,dm wont send email suwcharman gmailcom project,1,0.5017487117553884
"@dongwayne ohhhh seems like you need to reset it, bad luck  it happened to my ipod too! just google how to reset it.",0,ohhhh seems like need reset bad luck happened ipod google reset,0,0.8708302417638424
"@jashapiro MacStories 1st Contest: Win a copy of Mailplane, the app that brings Gmail to Mac. See details at macstories.net  ",1,macstories st contest win copy mailplane app brings gmail mac see details macstoriesnet,1,0.7227659592309914
About cook bbl  in the mean time go to youtube and check out my first mini movie lol            &quot;theonearmedgamer&quot;   Until t ...,1,cook bbl mean time go youtube check first mini movie lol quottheonearmedgamerquot,1,0.9081829333255544
"what's with the new highqualityness of youtube? i dont give a crap about quality, it's making everything load slow ",0,whats new highqualityness youtube dont give crap quality making everything load slow,0,0.7238395129636179
COMMENTS now open on my second channel  http://www.youtube.com/user/ShaneDawsonTV2,1,comments open second channel,1,0.6617522995626924
Opera doesn't want to open any Google service on my computer ... ,1,opera doesnt want open google service computer,0,0.8258887508189904
"If someone does not want his G2phone from google IO, I'm interested  I can't find any android phone in china ",0,someone want gphone google io im interested cant find android phone china,0,0.8528943207524395
"Now I must pontificate &amp; pundit: I &lt;3 reading MY #Twitter feeds! It's like @Google search, or #RSS ... except on Auto-Pilot! ",1,must pontificate amp pundit lt reading twitter feeds like search rss except autopilot,1,0.7848319566258027
Was freaking out about getting lost in #zurich in the middle of the night... But I have google maps on my phone - no worries ,1,freaking getting lost zurich middle night google maps phone worries,0,0.5428651411188519
@senthilnayagam The funniest thing is it doesn't think I am a bot when I search using IE. Problem persists only in Google Chromium ,1,funniest thing doesnt think bot search using ie problem persists google chromium,1,0.7095106177829125
"Running #android on my Openmoko Freerunner. Eye-candy UI, makes good use of both HW buttons for navigation. Linux base OS not as nice. ",0,running android openmoko freerunner eyecandy ui makes good use hw buttons navigation linux base os nice,1,0.7235966466739449
I &lt;3 mcfly interviews on youtube ,1,lt mcfly interviews youtube,1,0.8041719394400144
"stuck at my &quot;party&quot; with emily google imaging ryan reynolds. boring. i wish i was seeing hero status, through the agony, and chris beloud ",0,stuck quotpartyquot emily google imaging ryan reynolds boring wish seeing hero status agony chris beloud,0,0.8229076501085162
"@SONGSBYTHEDOT www.youtube.com/Titomi15..WATCH THE VIDEOS,COMMENT&amp;SUSCRIBE!!  &amp; FOLLOW me , Cheers x",1,videoscommentampsuscribe amp follow cheers x,1,0.8971638266922821
@pnchailton omg i just saw your youtube I cant believe they hacked you ,0,omg saw youtube cant believe hacked,0,0.8130854066273044
Yeah! Android 1.5 on my G1  And it has interface in Polish ,1,yeah android g interface polish,1,0.7480837520761633
"@commercialdeals Hi, I am a creative web designer and would love to work on your project, you can contact me at kumailht@gmail.com ",1,hi creative web designer would love work project contact kumailhtcom,1,0.7327075101067396
testing firefox 3.5 beta 4 to try out the http://www.youtube.com/html5 html5 video ,1,testing firefox beta try html video,1,0.794438226899155
"@Gabs1468927 yeah lol, i watch it online thoughon youtube though lol cause over here season 6 hasn't even started! ",0,yeah lol watch online thoughon youtube though lol cause season hasnt even started,0,0.553713172684021
Searching for photograph of escaping car from a traffic jam...tried all strings on google... ,0,searching photograph escaping car traffic jamtried strings google,0,0.6637881943774881
"@cymberrain try Babel Fish it translates a whole website, I think Google Translate does it too ",1,try babel fish translates whole website think google translate,1,0.7100224649993367
"*sighs* Can't find Pulp Culture on youtube, but at least on I-Tunes, &quot;Paradize&quot; is my favourite ",1,sighs cant find pulp culture youtube least itunes quotparadizequot favourite,0,0.7408997942466692
wow i have nothing to say..im spaced out..i think im gonna go watch youtube videos ,1,wow nothing sayim spaced outi think im gonna go watch youtube videos,1,0.6651594414850109
I love Eisblume!  If you love bands like Within temptation i suggest you youtube them. (:,1,love eisblume love bands like within temptation suggest youtube,1,0.8617260166352647
"@alyssabarlow Seriously, youtube is getting lonely without the BG podcasts!! ",0,seriously youtube getting lonely without bg podcasts,0,0.8099514333893212
@shay98 i'm soo hoarse I was screaming my head off last night....there's video of donnie's fix this shit song on youtube ,1,im soo hoarse screaming head last nighttheres video donnies fix shit song youtube,0,0.803131492685196
@ShawnKing Google maps says 223 miles from Groton MA to Lake George NY via I-90 ,0,google maps says miles groton lake george ny via,1,0.7465585409522527
@jonasbrothers http://twitpic.com/7gowf - I write funny songs about you!   myspace.com/JonasTunesRock and youtube.com/JAZJess15,1,write funny songs myspacecomjonastunesrock youtubecomjazjess,1,0.8143715408012216
@johannaharness The book is still collecting virtual dust in Google docs  But I hear it's siren call getting louder....,1,book still collecting virtual dust google docs hear siren call getting louder,1,0.5956491018833561
I want to make a youtube video but I have no ideas :| Helpp? ,1,want make youtube video ideas helpp,1,0.5091541372672422
@Jonasbrothers-JB what do we do now? Your youtube account has been suspended!!! ,0,jb youtube account suspended,0,0.7366600328586653
@miss_om Thanks - I googled but found nothing - probably cos I was spelling it wrong ,1,thanks googled found nothing probably cos spelling wrong,1,0.5358106897831927
"Sad that Gmail chat has died, so I can't help @natalidelconte ",0,sad gmail chat died cant help,0,0.9848876751679907
@minijesus u just said the iGoogle apps were crap ,0,u said igoogle apps crap,0,0.7731949428441184
Wondering why and how page rank at DemoGeek.com dropped to 2? For some reason Google is not playing nice with me these days ,0,wondering page rank demogeekcom dropped reason google playing nice days,0,0.5905889053745567
Ah so that's why Youtube has been down. I never thought changing some of the fonts around on it would be that  hard ,0,ah thats youtube never thought changing fonts around would hard,0,0.5152362212663101
@dannygokey Hi Danny!  Listened to you&amp;choir on YouTube singing &quot;Draw Nigh&quot;.  Beautiful!  Hope you'll make an album of Christian songs! ,1,hi danny listened youampchoir youtube singing quotdraw nighquot beautiful hope youll make album christian songs,1,0.9420289121664344
"Happy Monday! You know, sometimes YouTube really sux! Didn't accept pt. 2 of my David Ready Jr. interview!Seconds too long!Ok,now again. ",0,happy monday know sometimes youtube really sux didnt accept pt david ready jr interviewseconds longoknow,0,0.6205015911203196
"sau má»t buá»i sÃ¡ng bÃ£o bÃ¹ng nghe sáº¥m sÃ©t, mÃ¬nh ÄÃ£ vÃ o ÄÆ°á»£c Gmail ",0,sau má»t buá»i sã¡ng bã£o bã¹ng nghe sáº¥m sã©t mã¬nh äã£ vã äæ°á»£c gmail,0,0.5678988757817345
It would appear that youtube links don't work on Twitter  anyway hillarious video: http://www.youtube.com/watch?v= jXNmCgOUVBo,0,would appear youtube links dont work twitter anyway hillarious video jxnmcgouvbo,0,0.6312039063237574
missed shane on tv.  checking youtube now.,0,missed shane tv checking youtube,0,0.7221571090571279
@ChristyBourque I'm the Course Designer. Don't talk 2 students unless there R problems. I do tech support 4 faculty &amp; do YouTube stuff. ,1,im course designer dont talk students unless r problems tech support faculty amp youtube stuff,1,0.5679573247983848
Watched 311's performance from Jimmy Kimmel on youtube last and WOW..the sound was extremely off and I thought SA's mic was too loud ,0,watched performance jimmy kimmel youtube last wowthe sound extremely thought sas mic loud,0,0.7333297791762212
i think i'm guna cry YouTube Sort it out ,0,think im guna cry youtube sort,0,0.8486206883824535
@TheSats Which channel is it on on youtube ?? can't believe i missed it!!   xx,0,channel youtube cant believe missed xx,0,0.8845827255619197
i had to turn on keybd shortcuts in gmail. &amp; that's not even on the mailplane FAQ page. bad 1st experience! (tnx @nickcernis &amp; @jpinnix ,1,turn keybd shortcuts gmail amp thats even mailplane faq page bad st experience tnx amp,1,0.5449655690912795
@deanhatescoffee No problem. I can google it myself... ,1,problem google,1,0.8225400358685999
@careyyyy Tetris must have some anniversary today - it's Google's &quot;hot link&quot; today - so that probably helps the trend ,1,tetris must anniversary today googles quothot linkquot today probably helps trend,1,0.835362236393474
I WANT A REALTIME YOUTUBE INVITATION ,0,want realtime youtube invitation,0,0.631825470578739
@girlofavalon The video is great but the audio isn't working well for me so I found on youtube! Alfie is a cute guy! Loved his portuguese ,1,video great audio isnt working well found youtube alfie cute guy loved portuguese,1,0.6321431346241143
"@nhweas Hi, I teach some Chinese lessons on youtube... Feel free to have a look  www.youtube.com/ChineseLearn",1,hi teach chinese lessons youtube feel free look,1,0.8548747512994593
"&quot;No Racial&quot; is the 2009 &quot;No Homo&quot;.....oh, how I wish Jae was on Twitter! Youtube &quot;No Racial&quot;...its really good if your racist like me. ",1,quotno racialquot quotno homoquotoh wish jae twitter youtube quotno racialquotits really good racist like,1,0.6253615671630612
 My proxy won't let me on youtube. ,0,proxy wont let youtube,0,0.8690726801444659
Free Hugs  A Youtube classic that still make me cry.... ? http://blip.fm/~7bxmf,1,free hugs youtube classic still make cry,0,0.6292506088623522
"@_dritan Dam you, I want an #android, stupid only rogers ",0,dam want android stupid rogers,0,0.8576100423487931
Found 3G Watchdog for Android: http://bit.ly/cXMnY via @rgruet - great tool for monitoring your &quot;unlimited&quot; plans (read the fine print ,1,found g watchdog android via great tool monitoring quotunlimitedquot plans read fine print,1,0.9115726416824572
@School_Marm sketchup=3d modeling; complex but wonderful--just google &quot;google sketchup&quot;--and invite me out  ,1,sketchupd modeling complex wonderfuljust google quotgoogle sketchupquotand invite,1,0.699935931167986
woohooo!!! one of our videos was shortlisted for the Youtube 48hr Cannes Competition!! ,1,woohooo one videos shortlisted youtube hr cannes competition,1,0.5924598194000485
"@mikehustla I'm a sidekick geek, not a blackberry nerd. I have no idea how to twitpic.. just google Britney Spears.. same sh*t.  haha",1,im sidekick geek blackberry nerd idea twitpic google britney spears sht haha,1,0.8494886463155235
Emailing is soooo yesterday  http://wave.google.com/ (long clip),1,emailing soooo yesterday long clip,1,0.5280034629285969
#android metaldetector says my laptop has metal...and the laundry has not...accurate enough ,1,android metaldetector says laptop metaland laundry notaccurate enough,0,0.6999957224598734
that urban dictionary is available as gadget on igoogle - learn a new word every day  @Azeleen @1critic,1,urban dictionary available gadget igoogle learn new word every day,1,0.740959223535041
Easiest way for me to listen music = deezer + spotify + youtube  #hadopi,1,easiest way listen music deezer spotify youtube hadopi,1,0.8162676610222227
@buckhollywood you know if u think about it ur kinda like the Perez Hilton if YouTube! ,1,know u think ur kinda like perez hilton youtube,1,0.7773847405147288
"@coolmom823 I think they are musical guests, like letterman. I'm gonna YouTube tomorrow. Can't stay awake this time ",0,think musical guests like letterman im gonna youtube tomorrow cant stay awake time,0,0.574167280740503
"I'm 17 Subscribers away from 70,000 SUBS!~ Woohoooo!~  So exciting! http://www.youtube.com/lisalavie1  Love you guys!",1,im subscribers away subs woohoooo exciting love guys,1,0.8001959343044477
"@denbbq i wish, i haven't looked but i highly down it! the data has to come from someplace and we can't run queries off of google's DB ",0,wish havent looked highly data come someplace cant run queries googles db,0,0.8967988737445095
@Inkognegro Yes. I feel so disconnected without Google and Gmail.  @steelergurl,0,yes feel disconnected without google gmail,0,0.7327318895187254
@PeteyBennett I miss BB7.  You were the best housemate. I was watching on youtube but Channel 4 buggers removed the videos!,0,miss bb best housemate watching youtube channel buggers removed videos,0,0.5077691669239186
Good night for now. Keep sending your requests to truecarvalue@gmail.com I'll post your value range ASAP! I promise. ,1,good night keep sending requests truecarvaluecom ill post value range asap promise,1,0.9438409358737405
"Trying to watch #GoogleWave presentation (http://wave.google.com/), but my connection is too slow for it... ",0,trying watch googlewave presentation connection slow,0,0.7543333805684656
"I am 30 minutes into the Google Wave developer video and already have a million and one campaign ideas, awesome stuff ",1,minutes google wave developer video already million one campaign ideas awesome stuff,1,0.8966011401365365
"things i did up north: saw google headquarters, and apple headquarters (shake fist at apple) ",0,things north saw google headquarters apple headquarters shake fist apple,1,0.6986999460956074
"ÐÐµÑÑÑ ÑÐ°Ð·, Ð¿Ð°Ð´Ð°ÐµÑÑÐ°, ÑÐ°Ðº Ð°ÑÑÑÐ¼Ð°Ð»Ð°Ñ?Ñ?, ÑÑÐ¾ Ñ Ð±ÐµÐ»Ð°ÑÑÑ?ÐºÑÐ¼ Ñ ÑÐ°Ñ?ÐµÐ¹Ñ?ÐºÑÐ¼ ÑÐ½ÑÑ?ÑÑÑ?Ð¹Ñ?Ð°Ñ google.by ÑÐ¾Ð·Ð½ÑÑ? Ñ?ÑÐ²Ñ?ÑÐ¾ÑÐ½ÑÑ? Ð»Ñ?Ð³Ð°ÑÑÐ¿Ñ.  #tetris #pushkin",1,ððµñññ ñð°ð· ð¿ð°ð´ð°ðµññð° ñð°ðº ð°ñññð¼ð°ð»ð°ññ ññð¾ ñ ð±ðµð»ð°ñññðºñð¼ ñ ñð°ñðµð¹ñðºñð¼ ñð½ñññññð¹ñð°ñ googleby ñð¾ð·ð½ññ ññð²ññð¾ñð½ññ ð»ñð³ð°ññð¿ñ tetris pushkin,1,0.8325021527773984
Our emails went down today  so if you tried to hit me up today try the gmail which is my twitter handle + @gmail,0,emails went today tried hit today try gmail twitter handle,0,0.7414139986652151
oh no! jobros youtube account has been suspended! ,0,oh jobros youtube account suspended,0,0.723132713344246
"@esmeeworld haha u never answer me esmee, makes me sad  lol cuz i was one of ur very first subbies on youtube lol",0,haha u never answer esmee makes sad lol cuz one ur first subbies youtube lol,0,0.7002662709988121
"@Nathaniel_Smith go to the/rent movies, start a blog, make a Youtube vid, tweet, or you can study like me ",0,go therent movies start blog make youtube vid tweet study like,1,0.7181863963857023
You got to love taylor frankie show on youtube ,1,got love taylor frankie show youtube,1,0.7850416819619984
The Latitude iGoogle gadget is not currently available for your location  &lt;- Wieso hat #Google das fÃ¼r Deutschland wieder deaktiviert?,0,latitude igoogle gadget currently available location lt wieso hat google das fã¼r deutschland wieder deaktiviert,1,0.6737489982379582
"@Ms_lonelystar I found the first part, and the user said Youtube wouldn't take the rest  But i'll buy it  Thanks honey  xxxxxxxxxxxxxx",0,found first part user said youtube wouldnt take rest ill buy thanks honey xxxxxxxxxxxxxx,1,0.8103181939612542
"@fromblueskies Just wanted to point out that on Youtube, you have more subscribers than Tom Felton. Thought that might make you happy. ",1,wanted point youtube subscribers tom felton thought might make happy,1,0.5964739510716803
Wave.google.com ... the death of instant messaging is coming ,1,wavegooglecom death instant messaging coming,1,0.53343999468449
Coolest YouTube channel? Probably Green Eyed World  http://www.youtube.com/greeneyedworld,1,coolest youtube channel probably green eyed world,1,0.817846533792835
just stumbled on new iGoogle widget for Google Reader. Very nice guys. Like what you did with Google Voice too ,1,stumbled new igoogle widget google reader nice guys like google voice,1,0.7392253053110948
"@happiNESS I just googled myself also. After seeing the list, I feel kinda violated too. ",1,googled also seeing list feel kinda violated,1,0.5563412202308718
Homemade Mayo... not as easy as it looks on youtube.  Ended up with a murky cup of oil.  ,0,homemade mayo easy looks youtube ended murky cup oil,1,0.5144981146622659
@Andy383 A photo souvenir from Belfast - I saw these and thought of the googoo toys!  http://twitpic.com/7gjjv,1,photo souvenir belfast saw thought googoo toys,1,0.6402001465215996
i want him back  it hurts without him.   hmm. . . youtube is hilarious. haha.,0,want back hurts without hmm youtube hilarious haha,0,0.7620472339415165
"@flywire MacStories 1st Contest: Win a copy of Mailplane, the app that brings Gmail to Mac. See details at macstories.net  ",1,macstories st contest win copy mailplane app brings gmail mac see details macstoriesnet,1,0.7227659592309914
"@cmorbutt They're hilarious! Google them, some of the vids are on youtube ",1,theyre hilarious google vids youtube,1,0.8171592058722735
"@nykaaa hahahaha, the magic of google ",1,hahahaha magic google,1,0.8411965229275647
@JessicaLemon so that it would match my YouTube name ,1,would match youtube name,1,0.742394221766765
Guess I'll do a tweet today; I set up a Google Analytics account to track visits to the site. That's all I got done today. ,0,guess ill tweet today set google analytics account track visits site thats got done today,1,0.6454506994377627
I just googled myself ,1,googled,1,0.6397720961305924
@sweetlilmzmia u shld google him and see how hawt he is.Don't wanna post pics here cuz don't wanna shock ppl!haha ,1,u shld google see hawt isdont wanna post pics cuz dont wanna shock pplhaha,0,0.6607377889123311
"BGT gah, WMG yet again sabotaged an act I was waiting to see on youtube.  Aidan Davis is unviewable ",0,bgt gah wmg yet sabotaged act waiting see youtube aidan davis unviewable,0,0.539205800608078
"drinking tea, eating yummy cereal with no milk and watching The Butterfly Effect on youtube. this is the life ",1,drinking tea eating yummy cereal milk watching butterfly effect youtube life,1,0.8387848966065814
June 19th is the happiest day of the year. Poven with a mathmatial formula. Google it I can't cause I'm driving ,0,june th happiest day year poven mathmatial formula google cant cause im driving,0,0.5721871732604822
"@chrismatthieu well, full disclosure then: I got my Google Android Ion for free at #io2009 and I'm pimping for it shamelessly. ",1,well full disclosure got google android ion free io im pimping shamelessly,1,0.848967092165085
@100konacoffee &quot;Google is my number one source of web traffic&quot; Not fo me... ,0,quotgoogle number one source web trafficquot fo,1,0.6065843309391323
@janptr Waahoo! Got the link sorted out-had to change country to worldwide and now running youtube app 2.0.14 and sound speed fixed ,1,waahoo got link sorted outhad change country worldwide running youtube app sound speed fixed,0,0.599576577318929
"I've just sent you another invite mail  It should be going to your gmail. If not, I'll put it somewhere else tonight.",1,ive sent another invite mail going gmail ill put somewhere else tonight,1,0.6274557278530989
@donttrythis  Grrrrr! YouTube regional copyright restriction (UK user) sucks... ,0,grrrrr youtube regional copyright restriction uk user sucks,0,0.793921807173514
@coralreefdreams You're so welcome! Cool that it came up on google huh? ,1,youre welcome cool came google huh,1,0.9864571639701717
@rashmibansal Thank you  you can check out a few more of my similar ones here http://tony.nitw.googlepages.com/thewit-a-mintablet,1,thank check similar ones,1,0.9658129258217091
why does modem broadband have content lock a cant get on 2 youtube or bebo ,0,modem broadband content lock cant get youtube bebo,0,0.7424722824909401
@Doki26 Thanks! I started that song and my friend Bill finished it; I think he put it on iTunes as Yuki's Death. It's on YouTube too ,1,thanks started song friend bill finished think put itunes yukis death youtube,1,0.8007824623540702
Heading to the beach to take google the poodle for a walk ,1,heading beach take google poodle walk,1,0.7960368707843621
@shantchuason google~  haha. ur gna sleep na? I'm at my friend's house with my parents and bros ),1,google haha ur gna sleep na im friends house parents bros,1,0.8769635813921781
http://tinyurl.com/ry9wap Hello! Nice pics  You are nice ) I can send you my private pics. Send me your email! Or write me gmail_all@m ...,1,hello nice pics nice send private pics send email write gmailall,1,0.9058046544813241
watching jason chen vids....find him on youtube! so good ,1,watching jason chen vidsfind youtube good,1,0.9033669500470505
